ITEM,AVAILABLE
Almond Butter,20
Almond Butter - Crunchy,33
Almonds - Raw,2
Almonds - Salted,7
Angel Food Cheese,13
Apple Butter,6
Apple Butter - No Sugar,4
Apple Butter - Organic,0
Apple Cider Vinegar,0
Apple Sauce - Chunky - NS,17
Apple Sauce - Organic Pt.,0
Apple Sauce - Organic Qt.,0
Apple Sauce - w/sugar - qt.,12
Baba Ganoush,0
Bacon,62
Bacon - Uncured,3
Bacon Ends /lb.,4
Bada Bing - Sub,0
Bada Bing - Sub - Frozen,0
Bagels - Everything,13
Bagels - Everything - Frozen,4
Bagels - Plain,8
Bagels - Plain - Frozen,5
Bagels - Raisin,4
Bagels - Raisin - Frozen,5
Baklava,0
Balsamic Vinegar,16
BBQ Sauce - Original #6,48
Beans & Rice,6
Bee Pollen,0
Beef - Stew Meat,3
Beef - Tenderloin 8oz.,7
Beef Bones - Knuckle/lb.,4
Beef Kabob Meat,53
Beef Marrow Bones /lb,8
Beets - Pickled,13
Big John's BBQ Sauce,5
Bison - Ground,95
Black Bean Dip,11
Black Bean Hummus,11
Black Bean Soup,6
Black Beans - Dry,13
Black Beans DC,43
Black Goat PF,0
Blackberry Vinaigrette,8
Boerewors Sausage,6
Bologna,3
Boneless Pork Chop - D&M /lb,0
Bourbon Butterscotch Sauce,0
Brazil Nuts,4
Bread Pudding - Muffin,8
Bread Pudding - Muffin - Froz.,5
Bread Pudding (1.0 Maple),5
Bread Pudding (1.0 Mocha Swirl),0
Bread Pudding (1.0 Plain),8
Bread Pudding (1.0 Pumpkin),0
Brioche - Buns,0
Brioche - Buns - Frozen,4
Brioche - Loaf,0
Brioche - Loaf - Frozen,3
Brisket - half/lb.,6
Brisket - whole/lb.,1
Brown Rice Flour,3
Buddha's Delight - Kit,0
Bulgur Salad,0
Buns - John Dough,0
Buns - John Dough - Frozen,5
Buttermilk - Qt.,4
Cabbage Stuffed Peppers,0
Candied Onions,0
Canned Peaches- sugar,21
Cappuccino Milk 12 oz.,7
Cashew Butter - Raw,27
Cashew Butter - Roasted,19
Cashews Raw,2
Cashews Salted,3
Catsup - Marina's,10
Catsup - Nolte,0
Cheddar - Hatch Pepper,8
Cheddar - Mauna Loa,9
Cheddar - Onion Chive,0
Cheddar - Tipsy,6
Cheddar - White MJC,0
Cheese - Aged Alpine,4
Cheese Curds (1.0 Herb),5
Cheese Curds (1.0 Plain),6
Cheese Curds (1.0 Spicy),9
Cheese Spread Ropp,0
Chevre PF (1.0 Herb),9
Chevre PF (1.0 Pepper),15
Chevre PF (1.0 Plain),12
Chicken - Big Bag Deboned Thighs/lb.,4
Chicken - BULK Breasts /lb.,5
Chicken - Ground,84
Chicken - Thighs /lbs,31
Chicken - Whole $4.50/lb.,5
Chicken Bones - SM/lb.,8
Chicken Bones - XL/lb.,0
Chicken Breasts /lb.,14
Chicken Chorizo,3
Chicken Drumsticks /lb.,3
Chicken Feet /lb,0
Chicken Links - Andouille,4
Chicken Links - Apple Cinnamon,4
Chicken Links - Chorizo,3
Chicken Links - Sundried Tomato,3
Chicken Thighs - Big Bag/lb.,8
Chicken Thighs - Boneless/lb.,17
Chicken Wings/lb.,2
Chickpea Hummus,0
Chipotle Pepper,0
Chips - Tortilla,42
Chocolate Gooey Butter Cake,0
Chuck Roast/lbs.,6
Cinnamon Rolls,0
Cinnamon Rolls - Frozen,14
Cinnamon Rolls - Jr. L.,17
Coconut Date Sauce,0
Coconut Oil Pint Organic,5
Coconut Oil Quart,11
Coffee Stringbean Decaf,3
Coffee Stringbean Red Eye,4
Cornmeal,32
Cottage Cheese,0
CranApple Jalapeno Chutney,25
Cranberry Chutney,23
Croissants,0
Croissants - Frozen,18
Crunchy Peanut Butter,2
Curry Sauce (1.0 Green),7
Curry Sauce (1.0 Mango),8
Curry Sauce (1.0 Red),13
Dark Bar 61%,5
Dark Bar 72%,6
Dark Chocolate Almond Bar,6
Dark Chocolate Bon Bons,4
Dark Chocolate Caramels,3
Dark Chocolate Coffee Bark,6
Dark Chocolate Ginger Bark,4
Dark Chocolate Lolli,10
Dark Chocolate Salted Bark,2
Dark Chocolate Square,6
Date Chocolate Spread,0
Date Syrup,0
Dates,45
Deli Rye Bread,0
Deli Rye Bread - Frozen,3
Deluxe Mixed Nuts,0
Dill Pickles - TM&G,2
Dill Pickles - TM&G (1.0 Spicy),1
Dinner Rolls,0
Dinner Rolls - Frozen,0
Dog Shampoo,5
Eggs - BW,45
Eggs - H,190
Fatayer - Cheese,0
Fatayer - Cheese - Froz.,0
Fatayer - Spinach,0
Fatayer - Spinach - Froz.,0
Feta Cheese,0
FF - Bourbon Bacon Compote,0
FF - Fry Bread,7
FF - Tomatillo Salsa,0
FF Dip - Arugula Artichoke,0
FF Dip - Chili Hummus,8
FF Dip - Crab,0
FF Dip - Curried Corn,0
FF Dip - Feta,0
FF Dip - French Onion,0
FF Dip - Ricotta Pea Smash,5
FF Dip - Salmon & Corn,0
FF Dip - Smoked Fish,2
FF Dip - Smoked Salmon,6
FF Dip - Spinach Artichoke,0
FF Dip - Street Corn,0
FF Dish - Seafood Risotto,12
FF Dish - Cauliflower Curry,8
FF Dish - Cheesy Polenta,0
FF Dish - Chestnut Risotto,0
FF Dish - Corn Risotto,0
FF Dish - Crawfish Risotto,0
FF Dish - Creole Shrimp & Okra,0
FF Dish - Green Curry,0
FF Dish - Laksa Tofu Curry,0
FF Dish - Masala,0
FF Dish - Mole Rojo Chili,0
FF Dish - Pumpkin Risotto,0
FF Dish - Risotto,8
FF Dish - Saag Paneer,10
FF Dish - Satay Curry,0
FF Dressing - Mayfair,0
FF Grits - Smoked Cheddar,0
FF Grits - Succotash,0
FF Pasta - Green Tea Soba,0
FF Pasta - Mac N Cheese,0
FF Salad - Broccoli,0
FF Salad - Brussels,0
FF Salad - Cous Cous,0
FF Salad - Quinoa Crunch,0
FF Salad - Roasted Roots,0
FF Salad - Soffritto,0
FF Salad - Spring Kimchi,0
FF Sauce - Mole,0
FF Sauce - Thai Peanut,2
FF Side - BBQ Pit Beans,18
FF Side - Creamed Kale,0
FF Soup - Broccoli Cheddar,0
FF Soup - Chickpea Stew,10
FF Soup - Chowder,0
FF Soup - Egg Drop Soup,0
FF Soup - Gumbo,6
FF Soup - Minestrone,0
FF Soup - Potato,0
FF Soup - Seafood,0
FF Soup - Tom Kha,6
FF Soup - Vegetable Stew,0
FF Soup - Wild Rice Minestrone,0
FF Soup - Yellow Gazpacho,7
FF Tzatziki,2
FF Vichyssoise - Leek & Fennel,0
Flaked Salmon/lb.,8
Flank Steak/lbs.,7
Fleur de la Prairie,13
Flory's Farmhouse,10
Flory's Favorite,2
Flour - All Purpose 5#,13
Flour - Bread 5#,0
Flour - Buckwheat,0
Flour - Pastry 5lb.,0
Flour - Sifted Bread 5lb.,2
Focaccia - 3 Cheese,0
Focaccia - 3 Cheese - Frozen,16
Garden Relish,0
Garlic Balsamic Vinaigrette,4
Giant Turkey Breast /lbs.,1
Gluten Free Black Bean Soup,4
Gluten Free Black Beans,5
Gluten Free Black Beans & Rice,4
Gnocchi - Garlic Chive,6
Gnocchi - Potato,6
Gnocchi - Spinach,8
Gnocchi - Sundried Tomato,3
Gnocchi - Sweet Potato,11
Goshen Black Dog,6
Goshen Black Dog 5 LB,2
Goshen Bona Fide,7
Goshen Bona Fide 5 LB,2
Goshen Brazil,6
Goshen Colombia,6
Goshen Decaf Bona Fide,6
Goshen Ethiopia,5
Goshen French Roast,6
Goshen Guatemala,5
Goshen Moka Java,5
Goshen Old School Tattoo,5
Goshen Old School Tattoo 5 lb.,0
Goshen Sumatra,5
Goshen Sumatra 5lb,0
Gouda - 5 Alarm,2
Gouda - Cave Aged,2
Gouda - MJC,9
Gouda - Ropp,0
Gouda - Smoked,3
Gournay Cheese,0
Granola - Cranberry Almond,12
Granola - Vanilla Apricot,12
Granola Bar,17
Grits,29
Ground Beef 80/20,94
Ground Beef 90/10,47
Ground Lamb,11
Ground Turkey,15
Habanero Apple Cider Vinegar,0
Half & Half,14
Halibut/lb.,11
Ham Hocks/lb.,4
Ham Steak RFF/lb.,9
Harvest Shreds (1.0 Barbacoa),0
Harvest Shreds (1.0 BBQ),0
Harvest Shreds (1.0 Bulgogi),0
Harvest Shreds (1.0 Naked),0
Havarti - MJC,6
Heavy Cream,2
Honey - 12 oz. mbb,10
Honey - 6oz mbb.,11
Honey - Pint,14
Honey - Qt.,15
Honey - Squeeze Bottle,0
Honey - Wildflower,7
Hot Sauce - Green,6
Hot Sauce - Red,13
Hot Sweet Dills qt.,0
Jailhouse Jalapeno Brew,56
Jam - Apricot HBY,2
Jam - Black & Blue CF,0
Jam - Black Raspberry HBY,0
Jam - Blackberry HBY,1
Jam - Blackberry Jalapeno,6
Jam - Blueberry HBY,3
Jam - Blushing Peach CF,0
Jam - Cherry Butter,4
Jam - Damson Plum MF,0
Jam - Gooseberry HBY,2
Jam - Grape HBY,2
Jam - Peach HBY,0
Jam - Pear Butter HBY,2
Jam - Plum Butter,5
Jam - Plum Conserve,7
Jam - Red Cherry HBY,2
Jam - Red Raspberry HBY,3
Jam - Rhubarb HBY,4
Jam - Strawberry - Rhubarb,0
Jam - Strawberry CF,0
Jam - Strawberry HBY,0
Jam - Strawberry Rhubarb CF,0
Jam - Summer Trio CF,0
Jam - Tomato,0
Jam - Triple Crown CF,0
Jam - Wild Elderberry HBY,5
Jar Tomatoes,46
Jasmine Rice (1.0 Brown),11
Jasmine Rice (1.0 White),10
Jelly - Jalapeno HBY,4
Jungle Curry - Kit,0
K&G Beanie Hat,2
Kabob - Lamb /lb,4
Kuva Brazil,4
Kuva Ethiopian,5
Kuva Nicaragua,3
Kuva Peru,3
Kuva Sumatra,4
Lamb Chops/lb. DM,11
Lamb Feta/Spinach Gyro,13
Lamb Gyro Plain,12
Lamb Shank/lb.,5
Lard,4
Lasagna (1.0 Cheese),3
Lasagna (1.0 Mushroom),5
Lasagna (1.0 Spinach),3
Leg-o-Lamb - Bone in /lb.,2
Leg-o-Lamb - Boneless/lb.,1
Lemon Tarragon Vinaigrette,3
Lip Balm (1.0 Honey Orange),4
Lip Balm (1.0 Honey Vanilla),2
Lip Balm (1.0 Peppermint Rosemary),3
Little Bloom PF,3
Little Smokies - 2 pk,4
Ludwig Cheese (1.0 Blue),0
Ludwig Cheese (1.0 Kickapoo),0
Ludwig Cheese (1.0 Sangamon),0
Macadamias,0
Maple Syrup 12 oz.,15
Maple Syrup 64 oz.,8
Marshmallow Pie,0
Mascarpone,0
Meatballs,12
Mexican Dark Bark,6
Midnight Eclipse PF,0
Milk - 2%,11
Milk - Chocolate,1
Milk - Creamline,2
Milk - Skim,2
Milk - Whole,17
Milk Choc. Peanut Butter Bark,3
Milk Chocolate Bar,8
Milk Chocolate Caramels,0
Milk Chocolate CranOrange Bark,1
Milk Chocolate Lolli,10
Milk Chocolate PB Bon Bons,1
Milk Chocolate Salted Bark,8
Milk Chocolate Square,7
Missouri Pecans,0
Missouri Pecans (1.0 Pieces),0
Mojo Marinade,6
Mole Sauce,9
Molten Lava Cakes,0
Monsoon Mushrooms - Kit,1
Mozzarella,0
Muhammara Dip,0
Mujadara - Lentil & Rice,0
Multigrain Bread,72
Multigrain Bread - Frozen,26
Mushroom Pate,0
Mushrooms - Dried Mix,0
Mushrooms - Dried Shiitake,0
Mustard (1.0 Garlic),23
Mustard (1.0 Honey),23
Mustard (1.0 Horseradish),19
Mustard (1.0 Onion),22
Nduja,0
Nora Pepper Blend,7
NY Strip Steak /lb,5
Oat Groats Organic,21
Oats - 1lb. (1.0 Coarse),12
Oats - 1lb. (1.0 Fine),16
Oats - 1lb. (1.0 Flour),0
Oats - 1lb. (1.0 Rolled),40
Oats - Fine 5#,11
Oats - Rolled 5#,3
Oats Coarse 5#,0
Olive Cheese Spread,0
Olive Oil large,8
Olive Oil Medium,6
Olive Oil Small,5
oo'ma'me - Chinese,4
oo'ma'me - Indian,2
oo'ma'me - Mexican,6
oo'ma'me - Moroccan,1
Orange Milk 12 oz.,2
Organic Sugar,1
Oxtail/ lbs.,3
Pacific Cod/lb,0
Pasta - G.Free Long DG,7
Pasta - G.Free Short DG,1
Pasta - Gluten Free Long LV,6
Pasta - Gluten Free Short LV,10
Pasta - Short Egg,5
Pasta Bi-color Short,50
Pasta Long Bi-color,45
Pasta Long Egg,4
Pasta Sheets,0
Pate de Fruit,1
Peaches - Spiced,4
Peanut Butter EW,130
Peanut Butter MC,13
Peanut Butter w/Chocolate,0
Peanuts - Raw,5
Peanuts - Salted Roasted,6
Pecans,4
Pecans (1.0 Pieces),6
Pelota Roja,0
Pepitas,4
Pepper Jack - Ropp,0
Pesto - Arugula Walnut,1
Pesto - Green Basil,0
Pesto - Kale Walnut,1
Pesto - Nettle Walnut,0
Pesto - Purple Basil,0
Pesto - Purple Shiso,0
Pesto - Sorrel Walnut,0
Pesto - Thai Basil,0
Pesto - Watercress,1
Pickled Eggs,0
Pignolas (Pine Nuts),2
Pistachios,0
Pita - Wheat - Frozen,0
Pita - White - Frozen,0
Pita - Zaatar Bread - Frozen,0
Pita/Zaatar Bread (1.0 Wheat),0
Pita/Zaatar Bread (1.0 White),0
Pita/Zaatar Bread (1.0 zaatar),0
Pizza - Bacon Bacon,4
Pizza - Cheese,8
Pizza - Deluxe,8
Pizza - Four Meat,7
Pizza - Hot Chicken,7
Pizza - Pepperoni,7
Pizza - Sausage Pepperoni,5
Pizza - Tomato Basil Garlic,5
Pizza - Veggie,6
Pizza Sauce,14
Polenta,24
Polish Dill Pickles,0
Popcorn - McKaskle,13
Popped Corn - Organic,0
Pork - Andouille links,5
Pork - Bratwurst,44
Pork - Breakfast Links CB,32
Pork - Breakfast Sausage,33
Pork - Chorizo (bulk),6
Pork - Chorizo Links CB,6
Pork - Deli Ham /lb.,8
Pork - Ground,12
Pork - Kielbasa,5
Pork - Sweet Italian,5
Pork - Sweet Italian (1.0 Links),5
Pork Andouille Links - D&M,0
Pork Apple Brat,15
Pork Bacon Burgers,14
Pork Breakfast Patties D&M,4
Pork Burger RFF,4
Pork Chops - Boneless CB /lb.,7
Pork Cutlets /lb,8
Pork Italian Links - D&M,0
Pork Sausage - D&M,0
Pork Sausage - s&p,6
Pork Shoulder Small/lb.,0
Pork Shoulder/lb.,3
Pork Snack Sticks - 5 pk,5
Pork Snack Sticks - 5 pk (1.0 Spicy),7
Pork Snack Sticks - Honey 4pk,7
Pork Steaks/lb.,2
Pork TBM links - D&M,1
Pork Tenderloin/# - CB,7
Pork- Hot Italian,6
Pork- Hot Italian Links,6
Potato Chips Kickers Lg,5
Potato Chips Kickers med,5
Potato Chips Kickers Mini,9
Potato Chips Original - Mini,5
Potato Chips Original lg,4
Potato Chips Original med,2
Pretzel Buns,0
Pretzel Buns - Frozen,0
Pretzel Slider Buns,0
Pretzel Slider Buns - Frozen,16
Pumpkin Cranberry Bread,0
Quark-Frozen,4
Rack of Lamb,6
Ravioli - 4-Cheese,6
Ravioli - Butternut Squash,6
Ravioli - Goat Cheese,5
Ravioli - Mushroom,7
Raw Milk Aged Cheddar,7
Red Chile Sauce,16
Red Cornmeal,0
Ribeye Steak /lb,8
Ribs - Baby Back/lb.,14
Ribs - Spare/lb.,1
Ribs - Spare/lb. (1.0 Large),6
Ribs - Spare/lb. (1.0 Medium),0
Rice - Basmati Brown,19
Rice - Basmati White,14
Rice - Brown,10
Rice - White,17
RL Chocolate Milk,20
RL Heavy Cream,15
Ropp Cheddar (1.0 Green Onion),4
Ropp Cheddar (1.0 Sharp),0
Ropp Cheddar (1.0 Smoked),0
Ropp Cheddar (1.0 Tomato),3
Ropp Cheddar (1.0 White),9
Round Steak/lbs.,2
Sable Fish,23
Salame - Calabrese,6
Salame - Finocchiona,14
Salame - Veneto,10
Salmon,24
Salmon Candy,20
Salsa - Black Bean & Corn,17
Salsa - Gringo Hawaiian,14
Salsa - Gringo's Hot,9
Salsa - Gringo's Medium,12
Salsa - Gringo's Mild,14
Salsa - Hot TM&G,5
Salsa - Medium TM&G,0
Salted Caramel Choc. Sauce,0
Sea Scallops,6
Seedy Wheaty - Frozen,14
Seedy Wheaty Bread,0
Shakshuka Sauce,13
Shank Soup Bone/lbs.,2
Short Ribs/lbs.,5
Sirloin Steak,14
Skirt Steak/lbs.,3
Sliced Summer Sausage,13
Smoked Salmon,24
Smoked Salmon  (1.0 Pepper),14
Snack Stick - Bacon Jalapeno,17
Snack Stick - Hickory CB,12
Snow fog,0
Snowy Woodland Cheese,0
Soap (1.0 Basil Lemongrass),0
Soap (1.0 Cedar Rosemary),4
Soap (1.0 Cinnamon),4
Soap (1.0 Coconut Oil),0
Soap (1.0 Eucalyptus Mint),0
Soap (1.0 Facial Cleansing Bar),7
Soap (1.0 French Green Clay),4
Soap (1.0 Grapefruit),0
Soap (1.0 Honey Oat),4
Soap (1.0 Lavender),4
Sorghum Syrup,11
Sourdough Bread,16
Sourdough Bread - Frozen,10
Soy Sauce - Mushroom,13
Spice Blend,8
Spicy Dill Pickles,5
Strawberry Milk 12 oz.,2
Stringbean Brazilian,10
Stringbean Disco Inferno,4
Stringbean Ethiopian,4
Stringbean Malawi Peaberry,5
Stringbean Peru,5
Sugar Free - Apricot HBY,4
Sugar Free - Black Raspberry HBY,6
Sugar Free - Blackberry HBY,5
Sugar Free - Blueberry HBY,1
Sugar Free - Peach Jam HBY,5
Sugar Free - Raspberry HBY,5
Sugar Free - Red Cherry,5
Sugar Free - Strawberry Jam,5
Sugar Free - Strawberry Rhubarb,3
Sugar Free - Wild Elderberry,5
Sweet Dill Pickles,12
Swiss Cheese - Ropp,0
Tahini,31
Tarragon Peppers,25
Thick Cut Dill Pickles,14
Thyme for Garlic Vinaigrette,5
Toffee,10
Tomato Sauce - CB,36
Tomme - Cave Aged,5
Tortellini - Cheese,6
Tortellini - Mushroom,6
Tortelloni - Goat Cheese,6
Turkey - Andouille,4
Turkey Breakfast Links,5
Turkey Cherry Brats,0
Turkey Cranberry Brats,4
Turkey Drumsticks/lbs.,4
Turkey Thighs /lb,8
Turkey Wings /lb,2
Umami Heat - Japanese,0
Walnuts,1
Wheat Berries,56
White Rice Cooked,6
White Rice Flour,3
Whole Turkey,4
Yeast - Gold,0
Yeast - Red,7
Yogurt - Coconut,6
Yogurt - Greek Plain,0
Yogurt - Greek Vanilla,88
Yogurt - Plain Regular,0
Yogurt - Raspberry,6
Yogurt - Rose,3
Yogurt - Sheep's Milk,0
Yogurt - Vanilla Regular,17
Yogurt - Yo Bul Plain,23